{"cameraMode":{"drawMode":0,"name":"Shaded","section":"Shading Mode"},"sceneLighting":false,"audioPlay":false,"sceneViewState":{"m_AlwaysRefresh":false,"showFog":true,"showSkybox":false,"showFlares":true,"showImageEffects":true,"showParticleSystems":true,"showVisualEffectGraphs":true,"m_FxEnabled":true},"in2DMode":false,"pivot":{"x":0.14713966846466065,"y":0.642631471157074,"z":-0.47781938314437868},"rotation":{"x":-0.28824448585510256,"y":0.050815973430871966,"z":-0.015311750583350659,"w":-0.9561210870742798},"size":0.7912177443504334,"orthographic":false}